State,Colonies,Max Colonies,Lost Colonies,Colonies Added,Colonies Trenovated,Quarter,Year,Mites,Other pests,Diseases ,Pesticides,"Other Includes weather, starvation, insufficient forage, queen failure, hive damage/destroyed, etc.",Unknown
Alabama,7000,7000,1800,2800,250,Q1,2015,10,5.4,(Z),2.2,9.1,9.4
Arizona,35000,35000,4600,3400,2100,Q1,2015,26.9,20.5,0.1,(Z),1.8,3.1
Arkansas,13000,14000,1500,1200,90,Q1,2015,17.6,11.4,1.5,3.4,1,1
California,1440000,1690000,255000,250000,124000,Q1,2015,24.7,7.2,3,7.5,6.5,2.8
Colorado,3500,12500,1500,200,140,Q1,2015,14.6,0.9,1.8,0.6,2.6,5.9
Connecticut,3900,3900,870,290,,Q1,2015,2.5,1.4,,,21.2,2.4
Florida,305000,315000,42000,54000,25000,Q1,2015,22.3,13.5,0.8,8.9,5.1,4.4
Georgia,104000,105000,14500,47000,9500,Q1,2015,6.2,4.9,3.3,2.6,4.8,10.5
Hawaii,10500,10500,380,3400,760,Q1,2015,38.8,37.7,1.6,,2,
Idaho,81000,88000,3700,2600,8000,Q1,2015,39.8,6.7,12.5,4.8,8.9,4.9
Illinois,6000,10500,4200,2300,390,Q1,2015,12.3,6.9,0.7,0.4,12.6,11.6
Indiana,9000,9500,2100,490,120,Q1,2015,20.7,0.3,0.2,0.3,22.3,11.7
Iowa,12500,17500,3100,1700,270,Q1,2015,26,0.7,4.6,3.4,18,3.4
Kansas,4600,7000,1600,450,70,Q1,2015,32.7,1.3,1.1,14.2,9.5,3.4
Kentucky,7500,10500,4100,250,,Q1,2015,10.8,10.7,2.5,2.5,22.7,12.9
Louisiana,51000,51000,8000,3100,6500,Q1,2015,17.2,4.7,4.3,1.7,3.1,2.1
Maine,3100,6500,380,20,,Q1,2015,4.4,0.1,,,7.5,1.9
Maryland,7500,10000,4100,1600,870,Q1,2015,10.1,1.8,0.4,,24.2,12.4
Massachusetts,2900,4600,1000,260,120,Q1,2015,23.5,3.5,2.1,2.8,7.6,4.7
Michigan,16500,60000,11500,7500,2400,Q1,2015,14.3,3.1,1.1,1.6,8.3,4.6
Minnesota,28000,74000,3700,690,530,Q1,2015,1.4,0.1,,0.1,1.6,2.1
Mississippi,34000,76000,8500,22000,7500,Q1,2015,9.4,8.2,0.1,2.1,1.2,1.1
Missouri,12000,13000,2000,220,910,Q1,2015,13.1,6,2.2,4.2,11.8,6.3
Montana,8500,36000,2200,1400,1100,Q1,2015,8.7,0.5,0.6,0.8,2.3,7.9
Nebraska,10000,31000,2600,120,310,Q1,2015,5.9,0.1,0.1,0.5,0.3,3
New Jersey,6000,9000,1100,570,1600,Q1,2015,40.1,13.2,30.4,11.1,19.5,16.7
New Mexico,7000,7000,690,190,600,Q1,2015,17.1,0.1,,0.2,1.3,0.4
New York,27000,30000,6500,430,950,Q1,2015,7.6,2.6,0.5,4.4,12.4,8.3
North Carolina,24000,26000,7000,6000,690,Q1,2015,35.5,2.3,0.1,22.9,6.2,12.2
North Dakota,57000,120000,620,1800,530,Q1,2015,1.7,1.7,,,2.5,0.1
Ohio,18000,22000,10500,5000,3300,Q1,2015,10.7,1.6,1,3,17.8,3.1
Oklahoma,9500,26000,6000,2600,260,Q1,2015,14.5,10.1,0.5,,2.1,2.9
Oregon,77000,87000,6500,4300,2400,Q1,2015,20.2,,0.4,0.6,1.6,1.1
Pennsylvania,14000,21000,6500,360,,Q1,2015,28.1,6.3,1.9,1.9,17.8,6.3
South Carolina,17000,17500,2700,2700,1400,Q1,2015,10.5,2.3,0.2,0.3,3.6,2.9
South Dakota,50000,97000,4600,8500,2800,Q1,2015,1.2,0.9,0.3,0.5,1.2,1.8
Tennessee,9500,9500,2000,1000,190,Q1,2015,22.2,17.1,,,13,4.4
Texas,191000,250000,26000,82000,51000,Q1,2015,21.5,12.2,5,11.1,2.3,6.2
Utah,6000,24000,3300,2500,290,Q1,2015,13.6,0.9,0.1,4.4,3,0.5
Vermont,5500,5500,700,1200,20,Q1,2015,2.3,5.6,,,5.8,4.9
Virginia,8000,9000,2500,800,460,Q1,2015,19,9.4,2.3,,9.8,11.9
Washington,52000,105000,14000,13500,9000,Q1,2015,21.5,0.5,0.3,3.6,6,1.1
West Virginia,4700,6000,1800,570,60,Q1,2015,18,7.3,2.2,2.1,14.6,6.1
Wisconsin,16500,29000,8000,3100,2500,Q1,2015,18.8,1.6,2.7,8.5,8.3,5.8
Wyoming,5500,12000,2000,2000,1400,Q1,2015,0.9,,,,,
Alabama,7500,7500,860,1900,680,Q2,2015,16.7,42.5,,2.3,3.2,4.1
Arizona,33000,33000,5500,19500,7000,Q2,2015,8.4,32.1,0.5,20.1,28.2,0.3
Arkansas,13500,13500,1900,11500,5500,Q2,2015,65.9,63.4,7,22.6,27.4,9.3
California,1040000,1050000,104000,170000,285000,Q2,2015,50.9,21.5,7.8,23,14.2,3.1
Colorado,12000,25000,1900,6000,3500,Q2,2015,38.6,1.8,4.6,2.8,3.4,6.6
Connecticut,3000,3000,80,1100,150,Q2,2015,10.2,0.4,1.9,0.8,1,0.7
Florida,210000,215000,35000,44000,24000,Q2,2015,44.2,26.4,2.7,17.7,13.6,5.4
Georgia,114000,124000,23000,25000,19000,Q2,2015,52.8,17.5,2.9,28.7,11.5,4.1
Hawaii,13500,13500,120,1100,1200,Q2,2015,60.1,61,0.3,0.1,3.2,0.1
Idaho,62000,72000,6500,16500,10500,Q2,2015,25.5,6.7,6.5,6,13.7,0.3
Illinois,9500,9500,1300,6000,1500,Q2,2015,10.3,3.7,0.2,2.5,2.3,2.4
Indiana,8000,12500,1300,4900,4300,Q2,2015,15.4,1.8,7,0.5,4.4,2
Iowa,12500,24000,1400,6500,3100,Q2,2015,21.5,5.1,2.9,7.8,2.7,1.9
Kansas,6000,7000,670,2800,420,Q2,2015,14.4,2.4,0.9,0.1,3.5,4.9
Kentucky,7500,8500,980,3600,1500,Q2,2015,21.7,18.2,5.3,1.8,9.5,2.9
Louisiana,44000,45000,1800,6500,8000,Q2,2015,36.4,3.7,0.2,1.1,5,0.5
Maine,4600,30000,3200,3500,700,Q2,2015,72.1,34.5,0.1,34.5,0.5,0.1
Maryland,8000,11000,370,2600,710,Q2,2015,4.9,1.3,0.2,2.5,1.6,1.5
Massachusetts,4100,14000,320,940,510,Q2,2015,66.8,61.7,0.2,61.8,4.4,3.1
Michigan,58000,88000,9500,13500,5500,Q2,2015,26.9,13,0.6,9.1,16.4,3.1
Minnesota,71000,125000,12500,20000,21000,Q2,2015,25.4,6.2,1.4,16.5,10.1,9.3
Mississippi,89000,89000,11000,5500,10000,Q2,2015,10.1,6,0.3,0.1,2.3,1.7
Missouri,11500,12500,500,1900,1800,Q2,2015,5.1,6.2,3.1,1.6,1,7.4
Montana,36000,210000,4200,14000,33000,Q2,2015,9,0.9,0.8,5.3,1.6,
Nebraska,29000,68000,4100,15500,4600,Q2,2015,6.5,6.9,,1.4,2.1,1.5
New Jersey,8500,19000,1800,2100,2900,Q2,2015,52.5,3.6,0.3,26.1,1,2.4
New Mexico,6500,8500,1000,1500,330,Q2,2015,38.8,,15.5,5.9,0.4,2.7
New York,24000,34000,1100,11000,1500,Q2,2015,19.1,12.5,4.5,4.4,3.3,1.1
North Carolina,19500,23000,1800,5500,3300,Q2,2015,51,14.3,0.3,3.5,5.8,3
North Dakota,121000,450000,29000,39000,61000,Q2,2015,15.5,3,0.1,4.3,4.6,0.3
Ohio,17500,19000,2100,10000,6000,Q2,2015,15.8,4.1,3,11.9,11.2,29
Oklahoma,25000,27000,2200,5500,2200,Q2,2015,66.1,6.3,,0.1,7,1.9
Oregon,82000,95000,5500,14500,9500,Q2,2015,39.3,20.9,13.2,16,5.8,0.4
Pennsylvania,15500,19000,1600,8500,2600,Q2,2015,11.4,5.8,2.6,1.6,6.7,2.1
South Carolina,17500,18500,950,1100,2000,Q2,2015,29.9,5.4,0.5,1.4,3.7,0.7
South Dakota,100000,290000,21000,27000,23000,Q2,2015,9.8,11.1,1.8,2,1.4,1.5
Tennessee,7500,7500,730,3600,920,Q2,2015,47.8,26.3,1.8,9.8,2.6,3
Texas,305000,315000,33000,76000,94000,Q2,2015,19.3,22.9,2.5,6.6,7.4,3
Utah,24000,27000,3400,10000,3900,Q2,2015,27.2,10.8,1.5,12.3,5.6,1.2
Vermont,6000,6000,100,580,50,Q2,2015,3.7,1.9,0.1,,1.3,0.1
Virginia,7500,7500,270,2100,430,Q2,2015,26.2,13,1.8,0.2,3,4.5
Washington,105000,127000,5000,15000,13000,Q2,2015,48.7,0.2,2.2,2,3.2,0.5
West Virginia,4700,4700,570,2900,590,Q2,2015,15.6,8.3,0.6,2.7,4.6,4.4
Wisconsin,25000,65000,4600,10000,5500,Q2,2015,35.3,5.6,1,8.2,15.2,2.3
Wyoming,12000,25000,3200,7500,5000,Q2,2015,19.1,17.9,0.8,3.6,8.3,2.4
Alabama,8500,9000,1400,160,260,Q3,2015,63.1,70.6,,2.6,2.2,17.7
Arizona,40000,40000,6000,4300,15500,Q3,2015,53.5,24.8,5.4,17.3,7.6,5.1
Arkansas,23000,30000,9000,500,210,Q3,2015,69.2,32.4,0.9,5,1.8,1.4
California,730000,800000,76000,40000,93000,Q3,2015,39.9,20.4,12.5,19.6,15,4.7
Colorado,29000,30000,4500,1400,1400,Q3,2015,50.5,1.5,2.7,16.5,3.7,2.7
Connecticut,3700,3700,50,190,440,Q3,2015,39.3,1.2,0.4,1.5,7.8,
Florida,164000,220000,36000,37000,29000,Q3,2015,39.5,21.7,6.7,22.9,21.9,3.4
Georgia,108000,110000,13000,19500,15500,Q3,2015,47.6,16.2,3.6,21.2,8.9,3.6
Hawaii,14500,14500,2700,1200,5500,Q3,2015,78.1,80.5,0.1,0.1,2.5,
Idaho,80000,128000,14000,5500,11500,Q3,2015,46.8,5.2,1.7,10,2.2,6.4
Illinois,14000,14000,1400,1300,1100,Q3,2015,7.7,3,0.6,0.4,3.4,1
Indiana,15000,15000,1600,1400,420,Q3,2015,13.7,10.3,4.8,8.2,1,6.2
Iowa,29000,37000,3000,640,680,Q3,2015,17.4,5.8,0.1,4.7,5.6,3.4
Kansas,9000,9500,1000,100,160,Q3,2015,22.5,16.2,0.2,14.1,14.8,1.7
Kentucky,10000,10000,1300,170,550,Q3,2015,40.4,11.3,1.2,6.5,9,2
Louisiana,50000,55000,2000,2300,1800,Q3,2015,25.9,2.3,,1.6,3,0.2
Maine,6000,6000,450,410,140,Q3,2015,9.9,3.4,13.2,,2.6,7.8
Maryland,7000,7500,680,730,70,Q3,2015,26.9,19.1,2.9,22.8,7.1,2
Massachusetts,7500,7500,560,290,400,Q3,2015,16.3,2.9,0.4,2.1,2.5,0.3
Michigan,89000,89000,7000,3300,3800,Q3,2015,44.6,16.3,7.3,13.7,1.8,8.8
Minnesota,133000,136000,32000,640,2300,Q3,2015,33.3,14.6,7.4,27.4,7,7.2
Mississippi,23000,34000,3500,260,110,Q3,2015,45.5,2.2,,1.1,3.8,1.4
Missouri,14000,14000,1200,700,630,Q3,2015,11.1,11.7,3,2,2.1,1.4
Montana,140000,156000,10500,3200,10000,Q3,2015,52.5,16.4,10.7,2.3,6.4,5.3
Nebraska,67000,77000,6000,500,6000,Q3,2015,33.2,10.3,10.9,13.2,4.6,4.3
New Jersey,18500,18500,210,190,500,Q3,2015,7.2,1,0.1,,1.1,0.7
New Mexico,6500,6500,1600,1300,650,Q3,2015,61.2,55,55,58,55.5,0.7
New York,44000,47000,6500,4400,7000,Q3,2015,40,14.3,5.7,17.1,8.8,1.5
North Carolina,24000,24000,2900,2500,1100,Q3,2015,33.9,27.9,0.7,7.5,5.7,8.5
North Dakota,460000,500000,93000,11000,22000,Q3,2015,33.8,15.5,8.1,12.3,4.1,3.7
Ohio,23000,23000,1900,2300,880,Q3,2015,30.7,8,0.6,23.4,1.6,1.7
Oklahoma,19500,22000,230,160,190,Q3,2015,1.6,2.3,0.1,0.1,0.6,0.4
Oregon,68000,100000,8500,8000,21000,Q3,2015,56,20.8,5.2,3.1,4.8,3.8
Pennsylvania,25000,25000,1800,1800,2400,Q3,2015,45.1,11.3,3.7,5.1,7.2,0.8
South Carolina,12000,12000,2000,880,580,Q3,2015,58.4,31,18.3,14.7,3.9,3
South Dakota,295000,295000,53000,2100,13000,Q3,2015,22,7.3,2,7.1,1.9,5.7
Tennessee,10000,10000,1200,500,350,Q3,2015,50.8,38.4,0.5,4.8,2.2,1
Texas,76000,136000,16500,5500,4800,Q3,2015,30.7,26,1.3,19.4,4.7,5.2
Utah,31000,36000,8000,1400,2200,Q3,2015,40.1,25,41.6,33.6,3.6,0.1
Vermont,6000,6500,40,30,20,Q3,2015,22.7,0.5,,,0.4,
Virginia,8000,8000,680,520,220,Q3,2015,29,14.2,1.3,3.7,3.5,8.9
Washington,84000,97000,11500,1800,20000,Q3,2015,45.6,3.7,2.3,1.4,3.8,0.3
West Virginia,7000,7000,300,300,270,Q3,2015,21.7,5.3,1,1.5,3,1.1
Wisconsin,60000,62000,9000,1300,4300,Q3,2015,47.3,20.1,8.3,20.9,12.6,13.5
Wyoming,29000,35000,2500,270,440,Q3,2015,28.5,11,6.4,3.4,2,0.4
Alabama,8000,8000,610,80,60,Q4,2015,24.2,22,4.3,8.1,2.4,11.3
Arizona,36000,39000,12000,3000,16000,Q4,2015,32.8,2.8,,7.7,6.5,7.2
Arkansas,23000,27000,2400,1900,,Q4,2015,57.5,7,,0.5,1.9,8.1
California,750000,1260000,149000,39000,75000,Q4,2015,38.5,15.2,9,12.6,8.4,4.3
Colorado,24000,24000,2500,3400,,Q4,2015,3.5,4.7,0.6,0.3,3,0.2
Connecticut,3200,3200,210,40,70,Q4,2015,12.3,0.8,0.2,,7.7,1.7
Florida,220000,260000,37000,30000,28000,Q4,2015,21.7,6.3,0.5,5.4,1.9,1.5
Georgia,110000,121000,18000,4400,1900,Q4,2015,32.2,7.7,2.1,21.3,3.1,3.9
Hawaii,13000,13000,690,2700,760,Q4,2015,0.3,1.5,,0.1,0.8,
Idaho,121000,145000,22000,5500,5500,Q4,2015,31.7,2.3,2.1,5.9,5.5,0.3
Illinois,14000,14000,690,-,30,Q4,2015,15,7.8,0.4,2.9,5,10.4
Indiana,11500,11500,1100,140,,Q4,2015,17.4,3.7,0.9,0.3,7.2,5.5
Iowa,35000,35000,4300,40,30,Q4,2015,41.6,0.5,,2.1,34.4,12.2
Kansas,8500,8500,3400,50,20,Q4,2015,32.2,10.6,0.1,1.2,2.6,5.8
Kentucky,8500,8500,1100,20,10,Q4,2015,20.9,8,0.6,5.6,11.1,7.5
Louisiana,55000,71000,4900,1100,2400,Q4,2015,18,11.1,13.9,0.3,9.9,1.5
Maine,4700,4700,60,530,20,Q4,2015,3.3,0.4,0.3,,0.8,1.4
Maryland,7500,9500,730,,,Q4,2015,30.2,0.1,,11,7.8,0.8
Massachusetts,4500,4500,260,30,30,Q4,2015,10.1,5.2,0.7,,3.1,1.1
Michigan,67000,73000,9000,210,1600,Q4,2015,5.4,0.2,,0.5,1.2,10.3
Minnesota,104000,105000,10000,600,40,Q4,2015,11.8,6.9,0.1,11.3,7.1,14.2
Mississippi,31000,34000,1500,500,230,Q4,2015,8.5,1.1,,2,0.2,8.8
Missouri,13500,13500,690,30,40,Q4,2015,17.8,6.2,0.3,5.4,4,5.4
Montana,116000,123000,10000,1000,80,Q4,2015,0.8,,,0.6,0.2,0.1
Nebraska,72000,73000,7000,10,5500,Q4,2015,1.7,0.4,0.1,0.2,0.8,0.4
New Jersey,8000,8500,270,20,10,Q4,2015,5.5,0.8,0.2,0.4,1.2,8.2
New Mexico,6000,6000,290,290,30,Q4,2015,69,0.4,31.5,,1.5,0.3
New York,45000,45000,4000,260,10,Q4,2015,27.5,5.9,1.5,7.6,9.5,2.6
North Carolina,22000,22000,2200,510,70,Q4,2015,9.6,2.5,1.9,2.7,4,2.5
North Dakota,230000,275000,35000,2700,9000,Q4,2015,,,,,,9.9
Ohio,19000,19000,2400,200,140,Q4,2015,41.9,4.4,0.2,1.3,10.2,5.3
Oklahoma,5000,10000,650,290,60,Q4,2015,9.7,2.6,0.1,0.6,2.4,41.5
Oregon,100000,114000,8500,200,1400,Q4,2015,20.9,15,5.3,,2.4,0.3
Pennsylvania,22000,23000,2500,1300,6500,Q4,2015,44.8,4.3,0.3,3.8,5.5,4.6
South Carolina,10000,17500,2200,640,1000,Q4,2015,11,2.3,0.6,2.1,5.1,4.9
South Dakota,194000,205000,9000,2400,,Q4,2015,0.2,,,,0.4,0.3
Tennessee,8500,10000,1100,70,420,Q4,2015,19.7,7.1,0.2,3.7,10.1,10.9
Texas,125000,250000,25000,13000,2000,Q4,2015,21,10.6,2.5,10.2,4,2.7
Utah,28000,28000,1900,120,100,Q4,2015,28.8,7.6,0.1,0.4,1.9,0.6
Vermont,6500,6500,940,10,10,Q4,2015,1.3,,0.3,,0.5,1.7
Virginia,7500,7500,750,-,350,Q4,2015,32.7,7.2,,0.4,5,3.8
Washington,87000,89000,6500,330,170,Q4,2015,21.6,11.3,1.4,1.7,1.7,5.4
West Virginia,7000,7000,610,190,140,Q4,2015,21.9,2.9,1.1,0.6,6.9,6.5
Wisconsin,48000,48000,6500,210,10,Q4,2015,22,1.5,1,12.2,8.8,9.4
Wyoming,24000,25000,1300,30,,Q4,2015,,0.5,0.2,3.3,1,1.6
Alabama,7500,7500,1700,2100,90,Q1,2016,24.2,22,4.3,8.1,2.4,11.3
Arizona,30000,30000,4700,3500,150,Q1,2016,33.8,2.8,,7.7,6.5,7.2
Arkansas,27000,27000,5000,5000,1100,Q1,2016,57.4,6.9,,0.5,1.9,8.1
California,1130000,1410000,200000,210000,139000,Q1,2016,38.1,15.2,9,13.5,8.4,4.4
Colorado,5000,8500,750,1700,10,Q1,2016,2.9,4.1,0.5,0.2,2.7,0.2
Connecticut,2700,2700,270,70,10,Q1,2016,12.3,0.8,0.2,,7.7,1.7
Florida,275000,295000,40000,49000,15500,Q1,2016,23.6,5.8,0.4,4.9,1.8,1.4
Georgia,100000,100000,15500,36000,3200,Q1,2016,32.3,7.8,2.1,21.4,3.2,3.9
Hawaii,15000,15000,280,570,530,Q1,2016,0.3,1.5,,0.1,0.8,
Idaho,91000,98000,8500,5500,3300,Q1,2016,31.5,2.3,2.1,5.9,5.4,1.4
Illinois,8500,9500,1400,860,40,Q1,2016,12.4,6.4,0.3,2.6,4.6,8.6
Indiana,6500,6500,770,30,,Q1,2016,17.4,3.7,0.9,0.3,7.2,5.5
Iowa,13000,13000,2900,90,,Q1,2016,52.8,14.4,13.8,2.7,24,4.8
Kansas,5000,5000,1100,1400,100,Q1,2016,30.3,10,0.1,1.1,2.4,5.4
Kentucky,6500,6500,1300,390,40,Q1,2016,23.6,9,0.7,6.3,12.5,8.4
Louisiana,54000,55000,11000,9500,2600,Q1,2016,22.8,14.2,18.6,0.4,12.4,1.9
Maine,2200,3700,170,,,Q1,2016,3.3,0.4,0.3,,0.8,1.4
Maryland,7500,7500,820,1200,10,Q1,2016,26.2,0.1,,9.5,6.7,0.7
Massachusetts,3000,3000,370,1200,140,Q1,2016,10.1,5.2,0.7,,3.1,1.1
Michigan,25000,42000,5000,2300,80,Q1,2016,5.9,0.2,,0.5,1.3,11.3
Minnesota,36000,38000,5500,6000,,Q1,2016,12.1,7,0.2,11.6,8,14.5
Mississippi,21000,50000,7500,48000,25000,Q1,2016,13.8,1.6,,3.2,0.3,14.5
Missouri,10000,10000,1300,5500,420,Q1,2016,20.2,7,0.4,6.2,4.5,7.3
Montana,16500,65000,900,24000,,Q1,2016,0.6,,,0.5,0.1,
Nebraska,11000,20000,720,510,,Q1,2016,1.8,0.4,0.1,0.2,0.8,0.6
New Jersey,6000,6000,1000,80,20,Q1,2016,8,1.1,0.2,0.6,1.7,12
New Mexico,6000,6500,1700,1400,30,Q1,2016,69,0.4,31.5,-,1.5,0.3
New York,31000,33000,4200,970,600,Q1,2016,27.5,5.9,1.5,7.6,9.5,2.6
North Carolina,18500,24000,2600,1100,230,Q1,2016,9.5,2.5,1.9,2.7,4,2.4
North Dakota,89000,137000,8500,4600,,Q1,2016,2.7,,,,0.1,11.7
Ohio,16500,16500,2900,760,50,Q1,2016,41.6,4.3,0.2,1.3,10.2,5.3
Oklahoma,13500,13500,3300,4800,570,Q1,2016,4.9,1.2,,0.3,0.9,21
Oregon,68000,92000,2900,3800,1300,Q1,2016,20.4,15,5.3,,2.4,0.3
Pennsylvania,12500,12500,2900,480,170,Q1,2016,44.8,4.3,0.3,3.8,5.5,4.6
South Carolina,16500,16500,3500,3200,380,Q1,2016,10.7,2.3,0.6,2,5.1,4.8
South Dakota,47000,79000,10500,1600,,Q1,2016,0.2,,,,0.5,0.3
Tennessee,9000,9000,1700,180,70,Q1,2016,19.7,7.1,0.2,3.7,10.1,10.9
Texas,240000,320000,30000,126000,49000,Q1,2016,19.4,9.8,2.3,9.4,3.7,2.5
Utah,12000,14500,1900,1400,50,Q1,2016,26.2,7,0.1,0.4,1.6,0.5
Vermont,5500,5500,410,,,Q1,2016,1.3,,0.3,-,0.5,1.7
Virginia,6500,6500,1100,560,70,Q1,2016,32.7,7.3,-,0.4,5,3.8
Washington,77000,146000,13500,5500,1200,Q1,2016,23.3,10.5,1.3,1.7,1.9,5.1
West Virginia,6500,8000,1700,,,Q1,2016,21.9,2.9,1.1,0.6,6.9,6.5
Wisconsin,20000,21000,3100,530,,Q1,2016,24.2,1.6,1.1,13.4,10.8,10.4
Wyoming,2700,6500,340,440,,Q1,2016,,0.4,0.2,2.5,0.8,1.3
Alabama,8000,8000,930,1200,690,Q2,2016,11.7,42,,3.8,3.2,13.8
Arizona,22000,23000,3700,14000,1600,Q2,2016,41.7,1,0.9,13.5,13.4,8.9
Arkansas,24000,24000,3400,12000,1600,Q2,2016,80.7,9,0.4,7.9,2.7,0.3
California,1110000,1150000,108000,240000,185000,Q2,2016,42.2,17.8,8.5,18.8,10.4,6.9
Colorado,9500,29000,1800,9000,680,Q2,2016,49.3,22.4,16.8,24.6,10.6,0.1
Connecticut,2500,2500,100,390,60,Q2,2016,18.8,1.6,,0.2,5,0.8
Florida,240000,240000,29000,43000,21000,Q2,2016,45.1,23.4,2.7,9.9,8.5,1.8
Georgia,108000,111000,11000,17500,3600,Q2,2016,30.7,16.4,2.4,12.1,7.6,4.5
Hawaii,13500,13500,830,870,-,Q2,2016,67.8,75.3,0.1,0.8,,
Idaho,60000,80000,6000,19000,5500,Q2,2016,25.3,4.7,4.5,7.6,6,3.3
Illinois,9000,9000,740,2200,380,Q2,2016,17.4,7.9,0.7,4.3,2.9,1.6
Indiana,4300,7000,220,2700,900,Q2,2016,50.4,12.4,1.2,0.6,2.5,1.2
Iowa,10500,26000,2400,26000,760,Q2,2016,32.6,3.4,0.8,16.7,2.4,5.6
Kansas,4700,6000,960,3000,900,Q2,2016,42.8,25.5,14.1,29.1,4.5,2.6
Kentucky,5500,6000,450,2100,270,Q2,2016,42.3,25.7,0.9,11.5,7.4,4.5
Louisiana,52000,53000,4300,10000,9500,Q2,2016,39.5,26.1,,1.6,9.6,0.7
Maine,3600,25000,4200,510,560,Q2,2016,9.3,0.1,0.2,,0.6,-
Maryland,8000,9000,320,2800,400,Q2,2016,10.8,4.8,0.1,0.7,0.6,1.6
Massachusetts,4200,8500,300,1100,440,Q2,2016,14.1,8.7,6.8,0.1,3.4,7.9
Michigan,40000,103000,7500,13500,3200,Q2,2016,64.1,25.1,0.3,9.1,6.5,2.7
Minnesota,27000,126000,13000,24000,4200,Q2,2016,47.2,14.6,6.2,22.4,17.8,8.9
Mississippi,85000,90000,3700,9000,61000,Q2,2016,27.5,3.5,1.6,1.8,5,4.7
Missouri,12000,12500,770,1800,730,Q2,2016,13.3,7.7,1,0.1,3.1,0.7
Montana,62000,157000,7000,25000,13500,Q2,2016,41.9,8.8,7,6.9,6.1,1.4
Nebraska,19500,43000,6000,8000,28000,Q2,2016,20.4,1.6,0.1,10.2,1.6,0.1
New Jersey,4200,18000,1500,1900,110,Q2,2016,20.2,7.1,1.2,8.5,1.3,0.3
New Mexico,6500,6500,1400,2700,100,Q2,2016,59.5,55.4,55.2,24.1,1.7,0.7
New York,31000,46000,4000,13500,1500,Q2,2016,37.4,9,5.5,5.2,24.7,2.6
North Carolina,23000,24000,1600,10000,550,Q2,2016,27.8,13.4,0.1,2.9,13.4,3
North Dakota,110000,530000,27000,23000,95000,Q2,2016,38,11.8,6.3,12.9,9.9,3.1
Ohio,14000,16500,1700,6000,1100,Q2,2016,60.6,10.6,2.3,2.9,3.6,3.2
Oklahoma,12000,13000,310,4000,10000,Q2,2016,7.5,6.5,0.3,0.7,1.4,21.8
Oregon,77000,132000,4300,19000,16000,Q2,2016,52.9,18.5,12.5,9.6,5.1,1.5
Pennsylvania,11000,14000,1300,6500,1100,Q2,2016,27.3,7.7,1.6,4.3,2.8,1.2
South Carolina,12500,13500,1300,2200,410,Q2,2016,20.4,18.8,0.1,2.6,2.6,1.9
South Dakota,51000,182000,11000,15000,13000,Q2,2016,48.8,19.5,14.2,22.7,4.6,2.8
Tennessee,8000,8000,580,3900,200,Q2,2016,22.5,23.1,1.3,2.4,6.2,2
Texas,340000,350000,36000,74000,54000,Q2,2016,47.2,11.4,1.7,31.4,3.7,4.1
Utah,14500,25000,4800,12000,7000,Q2,2016,32.1,20.2,0.6,21.8,2.5,1.7
Vermont,5000,6500,20,480,30,Q2,2016,5.6,8,1.7,,2.4,0.8
Virginia,6000,6500,230,2200,480,Q2,2016,39.1,24.1,1.1,2.3,5.3,3.6
Washington,91000,143000,6000,21000,11500,Q2,2016,65.2,1.4,0.9,19.1,4.3,0.1
West Virginia,7000,7000,990,2600,160,Q2,2016,41.5,7.1,3.6,0.1,8.1,0.4
Wisconsin,18500,78000,5500,17500,3600,Q2,2016,31.5,13.6,10.8,15.8,5.1,11.1
Wyoming,6500,27000,2600,7500,580,Q2,2016,38.6,3.1,0.5,2.6,3.4,0.3
Alabama,8000,8000,1200,440,50,Q3,2016,11.7,42,,3.8,3.2,13.8
Arizona,30000,32000,6000,3200,2600,Q3,2016,41.7,1,0.9,13.5,13.4,8.9
Arkansas,32000,32000,1500,270,60,Q3,2016,80.7,9,0.4,7.9,2.7,0.3
California,740000,820000,82000,33000,78000,Q3,2016,42.2,17.8,8.5,18.8,10.4,6.9
Colorado,33000,37000,6500,1100,740,Q3,2016,49.3,22.4,16.8,24.6,10.6,0.1
Connecticut,3100,3100,270,890,180,Q3,2016,18.8,1.6,-,0.2,5,0.8
Florida,200000,220000,25000,62000,14500,Q3,2016,45.1,23.4,2.7,9.9,8.5,1.8
Georgia,102000,103000,13000,12500,2300,Q3,2016,30.7,16.4,2.4,12.1,7.6,4.5
Hawaii,13500,13500,600,430,820,Q3,2016,67.8,75.3,0.1,0.8,,
Idaho,79000,131000,13000,1900,2800,Q3,2016,25.3,4.7,4.5,7.6,6,3.3
Illinois,11000,11000,1300,850,310,Q3,2016,17.4,7.9,0.7,4.3,2.9,1.6
Indiana,9500,9500,600,450,550,Q3,2016,50.4,12.4,1.2,0.6,2.5,1.2
Iowa,50000,50000,5500,10500,2400,Q3,2016,32.6,3.4,0.8,16.7,2.4,5.6
Kansas,8000,8000,2600,310,190,Q3,2016,42.8,25.5,14.1,29.1,4.5,2.6
Kentucky,7500,7500,1000,900,230,Q3,2016,42.3,25.7,0.9,11.5,7.4,4.5
Louisiana,51000,60000,7000,2600,2100,Q3,2016,39.5,26.1,,1.6,9.6,0.7
Maine,5500,5500,420,240,140,Q3,2016,9.3,0.1,0.2,,0.6,
Maryland,7000,7000,200,400,20,Q3,2016,10.8,4.8,0.1,0.7,0.6,1.6
Massachusetts,9500,9500,530,450,40,Q3,2016,14.1,8.7,6.8,0.1,3.4,7.9
Michigan,108000,108000,15000,11000,9500,Q3,2016,64.1,25.1,0.3,9.1,6.5,2.7
Minnesota,132000,138000,26000,1300,1900,Q3,2016,47.2,14.6,6.2,22.4,17.8,8.9
Mississippi,19000,20000,3300,750,740,Q3,2016,27.5,3.5,1.6,1.8,5,4.7
Missouri,13500,13500,650,480,170,Q3,2016,13.3,7.7,1,0.1,3.1,0.7
Montana,147000,158000,11500,4100,6500,Q3,2016,41.9,8.8,7,6.9,6.1,1.4
Nebraska,45000,47000,8500,390,27000,Q3,2016,20.4,1.6,0.1,10.2,1.6,0.1
New Jersey,18000,18000,270,120,80,Q3,2016,20.2,7.1,1.2,8.5,1.3,0.3
New Mexico,6500,6500,1100,2000,1000,Q3,2016,59.5,55.4,55.2,24.1,1.7,0.7
New York,56000,56000,10000,1900,800,Q3,2016,37.4,9,5.5,5.2,24.7,2.6
North Carolina,25000,25000,1400,1400,1200,Q3,2016,27.8,13.4,0.1,2.9,13.4,3
North Dakota,510000,550000,71000,25000,104000,Q3,2016,38,11.8,6.3,12.9,9.9,3.1
Ohio,21000,21000,1600,980,630,Q3,2016,60.6,10.6,2.3,2.9,3.6,3.2
Oklahoma,3700,3700,560,30,30,Q3,2016,7.5,6.5,0.3,0.7,1.4,21.8
Oregon,107000,112000,7500,2900,4300,Q3,2016,52.9,18.5,12.5,9.6,5.1,1.5
Pennsylvania,19000,22000,1300,680,780,Q3,2016,27.3,7.7,1.6,4.3,2.8,1.2
South Carolina,13000,13500,920,990,50,Q3,2016,20.4,18.8,0.1,2.6,2.6,1.9
South Dakota,178000,191000,25000,4200,9500,Q3,2016,48.8,19.5,14.2,22.7,4.6,2.8
Tennessee,10000,10000,950,340,290,Q3,2016,22.5,23.1,1.3,2.4,6.2,2
Texas,129000,143000,12000,12500,810,Q3,2016,47.2,11.4,1.7,31.4,3.7,4.1
Utah,27000,33000,3200,1200,120,Q3,2016,32.1,20.2,0.6,21.8,2.5,1.7
Vermont,6500,6500,400,170,50,Q3,2016,5.6,8,1.7,,2.4,0.8
Virginia,8000,8000,810,460,360,Q3,2016,39.1,24.1,1.1,2.3,5.3,3.6
Washington,57000,74000,5000,7500,2000,Q3,2016,65.2,1.4,0.9,19.1,4.3,0.1
West Virginia,7500,7500,190,130,220,Q3,2016,41.5,7.1,3.6,0.1,8.1,0.4
Wisconsin,71000,75000,12000,880,640,Q3,2016,31.5,13.6,10.8,15.8,5.1,11.1
Wyoming,32000,40000,7000,1800,1000,Q3,2016,38.6,3.1,0.5,2.6,3.4,0.3
Alabama,7000,7000,610,50,10,Q4,2016,12.3,9.9,0.2,2.4,6.7,3.3
Arizona,29000,31000,6500,4600,3100,Q4,2016,98.8,15.5,2.3,6.5,4.3,3.2
Arkansas,28000,28000,2500,20,10,Q4,2016,21.1,4.8,,1.3,1.1,3.3
California,770000,1330000,205000,40000,35000,Q4,2016,41.9,13.7,8,9.1,9.6,3.5
Colorado,30000,30000,4500,2500,,Q4,2016,32.4,1.3,0.1,3.1,13,0.1
Connecticut,3100,3100,240,,,Q4,2016,14.7,6.6,1.1,1,5.8,3.2
Florida,255000,300000,41000,31000,11500,Q4,2016,30.9,27.1,7.7,17,13.6,6.5
Georgia,96000,112000,11000,12000,450,Q4,2016,43.6,8.6,3.7,7.6,4.1,2.5
Hawaii,13500,13500,970,60,840,Q4,2016,39.9,40.8,,0.1,0.2,0.1
Idaho,121000,143000,15500,5000,420,Q4,2016,31.9,0.8,4.8,0.2,4.2,3
Illinois,9000,9000,720,,,Q4,2016,27.8,11.7,1.2,5.6,3.9,4.8
Indiana,7500,7500,1200,20,,Q4,2016,28.2,9.6,0.2,1.4,1,3.8
Iowa,54000,54000,4700,,20,Q4,2016,18.7,9.8,8.9,9,11.4,6.3
Kansas,5000,5000,1300,200,,Q4,2016,29.2,8.3,0.3,3.1,5.1,1.4
Kentucky,7500,7500,950,60,80,Q4,2016,48.2,22.3,3.3,3,10.3,5.7
Louisiana,48000,57000,2000,250,340,Q4,2016,2.9,1,1,0.1,0.7,1.2
Maine,3500,3500,280,,,Q4,2016,10.7,0.8,0.1,,5.8,0.1
Maryland,7500,9500,500,20,30,Q4,2016,23.8,8.3,4.5,4.6,5.8,0.6
Massachusetts,8000,8000,740,,,Q4,2016,6.1,2.6,0.4,0.4,0.7,4.2
Michigan,101000,101000,12500,10,130,Q4,2016,23.9,1.5,0.1,2.7,4,0.6
Minnesota,113000,114000,13500,,,Q4,2016,27.5,7.7,3.1,17.6,5,8.9
Mississippi,17500,30000,2400,330,60,Q4,2016,21.9,6,0.1,,2.1,2.8
Missouri,9000,9000,590,1400,640,Q4,2016,16.1,12.6,0.2,,1.5,0.7
Montana,124000,124000,16000,2700,,Q4,2016,59.1,39.4,32.9,13.7,33.3,33.1
Nebraska,37000,37000,4300,190,,Q4,2016,10.5,1.4,0.2,1.2,0.4,1.5
New Jersey,12000,12000,340,400,,Q4,2016,28.6,11.3,0.4,1.9,3.4,8.6
New Mexico,7000,7000,1600,1100,20,Q4,2016,46.2,0.3,7.2,,0.8,0.3
New York,48000,49000,9000,240,130,Q4,2016,27.8,2.2,3.6,12.5,2.2,2.1
North Carolina,25000,25000,5500,220,50,Q4,2016,24,7.7,1.8,,12.5,1.3
North Dakota,385000,390000,44000,13500,2500,Q4,2016,23.5,7.9,1.5,0.4,2.6,2.2
Ohio,19500,19500,2100,20,140,Q4,2016,42,18.1,0.8,4.2,11.2,10.9
Oklahoma,3100,44000,2700,120,30,Q4,2016,4.9,0.5,,0.1,0.1,0.7
Oregon,98000,124000,9500,1500,1000,Q4,2016,25.5,2.8,13,2.8,2.6,1.3
Pennsylvania,21000,21000,3100,120,180,Q4,2016,18.7,2.6,1,2.8,4.9,3.1
South Carolina,12000,17000,1300,760,370,Q4,2016,29,27.1,23.3,24.6,25.9,1.9
South Dakota,146000,146000,11000,-,2400,Q4,2016,48.9,5.3,0.3,6,1,0.3
Tennessee,9000,9000,840,120,10,Q4,2016,19.9,21.6,,1.1,2.2,3.1
Texas,136000,310000,39000,2200,650,Q4,2016,33.1,17.5,3.2,3.6,2.8,1.4
Utah,30000,30000,1600,440,50,Q4,2016,26.4,0.1,0.2,0.9,0.7,0.3
Vermont,6500,6500,260,20,10,Q4,2016,44.5,41.3,41.2,41,0.4,
Virginia,7000,7000,730,230,10,Q4,2016,31.4,19.9,2,,1.8,5.1
Washington,65000,97000,9000,3100,130,Q4,2016,21.4,4.6,3.7,9.1,4.5,0.3
West Virginia,7500,7500,1000,80,60,Q4,2016,23.8,2.3,1.1,1.1,4.3,2.8
Wisconsin,59000,59000,7500,10,20,Q4,2016,69.3,12.2,10,10.6,10.6,46.2
Wyoming,25000,27000,2200,50,,Q4,2016,32.2,1.6,3.1,5.2,1.1,
Alabama,7000,7000,1600,570,740,Q1,2017,19.9,9.8,0.2,3.2,6.7,9.3
Arizona,31000,32000,6000,2900,,Q1,2017,35.6,2,3.8,1.7,6.5,2.1
Arkansas,18000,20000,3500,430,230,Q1,2017,31.5,14.6,0.1,0.5,3,1
California,1170000,1470000,195000,137000,93000,Q1,2017,37.7,12.6,7.5,9.2,6.6,6.3
Colorado,9500,21000,1100,100,,Q1,2017,17,,,0.9,2.6,0.4
Connecticut,3100,3100,380,100,110,Q1,2017,51.5,1.5,,,6.1,5.6
Florida,260000,265000,30000,78000,34000,Q1,2017,37.6,14.8,1.5,14.2,6.2,17.9
Georgia,123000,125000,14000,25000,21000,Q1,2017,35.3,7,0.2,2.6,4.4,1.8
Hawaii,13000,13000,190,510,50,Q1,2017,1.2,2.1,0.2,,0.1,0.1
Idaho,95000,99000,8500,2000,280,Q1,2017,74.2,42.3,42.3,21.2,1.7,0.4
Illinois,11000,11000,2900,3100,150,Q1,2017,21.2,13.1,0.5,3.7,9.9,8
Indiana,7000,7500,1900,1700,70,Q1,2017,15.8,8,5.2,4.1,10.4,7.1
Iowa,10000,15500,3000,70,,Q1,2017,33.6,8.3,8.4,12,11.9,11.7
Kansas,3800,3800,1000,930,380,Q1,2017,47.2,3,,3.6,16.4,14.3
Kentucky,6500,7000,1300,950,430,Q1,2017,31.9,11.5,0.4,3.8,16,7.5
Louisiana,44000,47000,2700,11000,1900,Q1,2017,25.8,9.6,0.1,1.8,4.3,1.8
Maine,2700,3100,1000,100,,Q1,2017,23.9,20.9,30.5,8.1,26.3,-
Maryland,9000,9000,2100,770,260,Q1,2017,11.3,3.3,1,1,11.9,4.3
Massachusetts,3300,3300,1500,120,110,Q1,2017,32.5,5.6,3,4.5,10.5,5.6
Michigan,29000,59000,5000,600,130,Q1,2017,7.9,0.3,,1.9,1.1,3.9
Minnesota,27000,41000,3500,3300,,Q1,2017,2.1,0.4,0.1,0.9,9,5.8
Mississippi,31000,68000,2600,23000,7000,Q1,2017,41.7,35.3,(Z),0.1,0.5,1.4
Missouri,7000,7500,1200,400,10,Q1,2017,16.6,15.4,0.5,2.7,5.4,5.2
Montana,18500,46000,470,3100,6000,Q1,2017,34,15.1,,2.5,6,0.1
Nebraska,7500,13000,750,120,,Q1,2017,14.8,0.3,0.4,,2.1,1.2
New Jersey,6000,6000,490,10,,Q1,2017,16.3,0.7,0.3,0.1,0.8,0.6
New Mexico,5500,5500,2100,3600,,Q1,2017,93.9,,87.4,,2,
New York,32000,33000,6000,520,,Q1,2017,20.4,9.4,9.8,4.4,13.2,10.8
North Carolina,16000,23000,2500,3700,1200,Q1,2017,34.7,17.4,0.2,1.5,7.2,3.9
North Dakota,50000,123000,640,1100,10,Q1,2017,0.8,,,,0.2,0.2
Ohio,15500,17500,4400,1300,530,Q1,2017,25.8,11.6,0.6,0.1,5.2,16.5
Oklahoma,26000,26000,550,9500,1700,Q1,2017,11.9,1,,0.1,0.5,0.3
Oregon,71000,90000,8000,7500,1400,Q1,2017,28.7,8.5,10.1,9.1,15.4,8.5
Pennsylvania,17000,18000,4000,810,390,Q1,2017,20.9,2.4,0.8,2.9,3.6,7.2
South Carolina,17000,17500,1600,4700,970,Q1,2017,12.6,5.3,0.4,1.1,2.7,1.8
South Dakota,21000,48000,2700,1500,440,Q1,2017,2.9,,,,0.2,0.3
Tennessee,8500,8500,1600,1500,160,Q1,2017,28.6,12.6,0.9,2.4,8.1,7
Texas,275000,340000,49000,130000,68000,Q1,2017,36.2,22.5,2,5.1,3.5,3.6
Utah,16000,19000,2700,3900,60,Q1,2017,38.7,,0.1,,2,0.3
Vermont,6500,6500,440,,,Q1,2017,6,0.7,2.1,0.2,0.9,2.2
Virginia,8000,8000,1400,1900,280,Q1,2017,21.4,12.8,2.8,3.2,7.4,8.4
Washington,68000,104000,9000,8500,,Q1,2017,6.8,0.1,,,8,4.4
West Virginia,5500,8000,800,450,100,Q1,2017,15.8,1,0.2,,11.9,1.3
Wisconsin,17000,22000,4400,450,70,Q1,2017,19,1.9,1.1,,4,10.5
Wyoming,6500,17000,3600,1300,,Q1,2017,0.2,,0.2,,0.6,
Alabama,6500,6500,440,1200,500,Q2,2017,17.9,13.6,,4.2,9.4,5.3
Arizona,22000,22000,2600,12500,3000,Q2,2017,58.4,15.9,19.7,12.4,20.4,0.7
Arkansas,17000,24000,1900,6000,1300,Q2,2017,19.4,9.6,1.9,3.9,2.7,2.5
California,980000,990000,90000,160000,220000,Q2,2017,38,7.7,3.1,13,4.8,3.4
Colorado,16500,31000,4500,8000,7500,Q2,2017,31.3,0.8,5.3,3.2,4.6,0.1
Connecticut,3000,3000,140,2200,350,Q2,2017,9.1,0.2,,0.5,1.9,0.7
Florida,245000,255000,35000,40000,50000,Q2,2017,36.5,14.4,6.1,9,6.5,18.9
Georgia,130000,137000,12500,21000,31000,Q2,2017,34.1,5.8,1,6.6,6.5,2.8
Hawaii,12000,12000,70,3000,920,Q2,2017,88.9,3.7,,,0.4,
Idaho,61000,78000,10500,22000,31000,Q2,2017,30.5,6.4,4,8.3,7.8,4.8
Illinois,11500,12000,1200,3600,1600,Q2,2017,11.3,4.3,0.7,3,5.6,1.5
Indiana,7500,11000,1200,3000,510,Q2,2017,5.5,2.1,0.1,43.3,8.6,1.2
Iowa,12000,23000,2400,23000,3900,Q2,2017,39.3,27.6,7.5,26.6,8.1,0.9
Kansas,3800,6000,390,2500,870,Q2,2017,17.3,8.5,0.7,22.6,1.7,6.4
Kentucky,7000,7500,900,3100,590,Q2,2017,25.7,11.6,1,4.5,4.3,4.9
Louisiana,56000,62000,2600,4100,8000,Q2,2017,23.2,3.1,-,1.6,1.5,0.7
Maine,2200,33000,910,1100,1400,Q2,2017,4.4,4.3,4.1,4.3,2,14.8
Maryland,8000,9500,190,3400,930,Q2,2017,3.3,6.9,0.8,0.3,2.1,1.1
Massachusetts,2500,8000,140,1400,490,Q2,2017,14.8,12.5,12.9,11,0.4,1.6
Michigan,55000,100000,7500,20000,13500,Q2,2017,19.1,7.2,0.2,2.1,0.9,0.5
Minnesota,32000,128000,12000,19000,8500,Q2,2017,20.5,4.7,2.3,12.8,6.6,2.2
Mississippi,89000,89000,3800,5500,26000,Q2,2017,14,0.9,-,1.7,3.7,0.8
Missouri,6500,7000,270,1800,1000,Q2,2017,13.4,8.9,3,1,5.1,1.9
Montana,47000,135000,3700,18000,18000,Q2,2017,20,4,4.2,3.5,4.4,0.6
Nebraska,7500,43000,1500,7000,27000,Q2,2017,50.1,38.4,1,37.6,16,0.8
New Jersey,5500,21000,430,1900,660,Q2,2017,21.4,5.6,2.3,1.9,0.3,0.8
New Mexico,7000,7500,1800,3300,3900,Q2,2017,88.4,0.6,72.9,-,35.6,0.6
New York,25000,43000,1300,16500,7500,Q2,2017,22.2,2.1,2.1,2,8.9,0.1
North Carolina,24000,25000,3000,5000,2700,Q2,2017,23.4,5.5,2.3,0.8,5.1,1.5
North Dakota,115000,450000,16000,31000,41000,Q2,2017,29.3,4,3.2,5.3,3.2,1
Ohio,13500,15000,1100,7000,2500,Q2,2017,45.5,6.4,6.2,10.4,16.6,3
Oklahoma,17000,17000,200,4700,1200,Q2,2017,23.6,2.3,11.2,0.5,7.7,0.3
Oregon,71000,92000,5000,15500,22000,Q2,2017,37.2,10.6,8.8,3.5,15.8,11.3
Pennsylvania,15500,17500,540,7500,2300,Q2,2017,13.5,1,0.7,1.5,2.4,1.5
South Carolina,20000,20000,870,3000,3700,Q2,2017,24.3,21.7,15.1,18.5,4.1,0.4
South Dakota,30000,168000,13000,10000,23000,Q2,2017,8.7,1.4,1,6.4,5,3.6
Tennessee,8500,9000,1300,2600,1500,Q2,2017,53.4,25.5,1,3.1,10.6,3.9
Texas,345000,350000,28000,43000,148000,Q2,2017,28.7,16.8,1.5,12.4,2.8,1.4
Utah,21000,31000,2700,12500,10000,Q2,2017,36.7,1.3,0.3,0.1,12.6,
Vermont,6000,8000,170,390,190,Q2,2017,3.3,0.3,0.3,,0.2,0.5
Virginia,8500,9500,1000,3100,1100,Q2,2017,18.7,18,0.9,5,1.8,4.8
Washington,75000,111000,7000,30000,20000,Q2,2017,21.3,5,4.2,7.5,3.6,0.4
West Virginia,7500,7500,370,4100,2500,Q2,2017,11.6,1.6,1.8,0.4,3.7,1.6
Wisconsin,18000,65000,4000,13000,6500,Q2,2017,13.8,1.7,1.7,2.2,3.2,0.3
Wyoming,15000,30000,1300,6000,3500,Q2,2017,34.1,3.5,12.6,2.8,5.7,1.9
Alabama,7000,9500,900,690,530,Q3,2017,69.5,22.1,,35.4,7.5,3.9
Arizona,26000,26000,4100,5000,3200,Q3,2017,19.8,0.4,0.5,1.1,12.4,6.3
Arkansas,29000,29000,6000,4400,410,Q3,2017,61.4,9.1,,17,9.3,2.3
California,590000,670000,67000,73000,74000,Q3,2017,42.3,15.8,5.6,13.4,10.1,3.6
Colorado,35000,42000,4300,2900,6410,Q3,2017,52.9,1.4,2.6,9.1,7.8,1.4
Connecticut,3500,3500,130,50,20,Q3,2017,25.1,1.5,0.1,,13,
Florida,176000,180000,39000,39000,42000,Q3,2017,42.9,13.2,3.7,6.3,11.4,21.5
Georgia,121000,122000,15500,19000,23000,Q3,2017,47.6,18,2.3,14.1,15.1,6.9
Hawaii,15000,15000,1100,430,20,Q3,2017,2.8,4.3,0.3,,2,
Idaho,89000,116000,12000,9000,16500,Q3,2017,53.7,19.1,6.7,15.5,9.5,5.1
Illinois,13000,13000,1100,710,1200,Q3,2017,29.9,14.2,2.8,2.8,4.6,3.3
Indiana,13000,13000,930,420,740,Q3,2017,13.9,5.9,0.4,3.9,3.8,2
Iowa,40000,43000,2200,2100,4000,Q3,2017,17.2,7.2,2.4,3.9,4,2.2
Kansas,7000,7000,1700,1400,1000,Q3,2017,65.4,52.6,14.8,20.3,1.1,7.4
Kentucky,9000,9000,1600,450,700,Q3,2017,46.4,39.2,4.6,0.6,10.3,6.2
Louisiana,64000,64000,13500,14500,34000,Q3,2017,59.2,74.5,0.3,1.6,4,14.9
Maine,5500,6000,400,210,290,Q3,2017,3.4,0.9,0.9,3.9,1.2,0.1
Maryland,8500,8500,1600,1300,600,Q3,2017,8.8,10.1,0.7,1.6,5.1,9.1
Massachusetts,9000,9000,760,790,460,Q3,2017,82,0.9,0.7,2.3,0.8,0.1
Michigan,103000,109000,17500,4300,11500,Q3,2017,56.8,11.9,8.6,13.7,15,2.9
Minnesota,136000,136000,20000,1900,2200,Q3,2017,39.8,4.7,1.8,9.4,11.6,2.3
Mississippi,24000,24000,2900,250,230,Q3,2017,71.1,4.8,0.7,0.2,18.1,0.7
Missouri,9000,9000,580,320,310,Q3,2017,77.7,36,2.8,34,1.6,35
Montana,154000,161000,18500,3100,23000,Q3,2017,42.3,6.7,6.9,2.2,19.1,2
Nebraska,46000,47000,3700,880,13500,Q3,2017,15.1,6.6,0.4,7.1,9.2,0.2
New Jersey,16000,16000,420,280,110,Q3,2017,10.7,2.9,,0.8,0.4,1.9
New Mexico,8500,8500,2500,1800,200,Q3,2017,74.3,3.3,17.8,13.6,3.1,0.3
New York,59000,59000,6500,3100,9000,Q3,2017,45.1,19.8,6.2,9.4,13.6,1.8
North Carolina,26000,27000,3300,4100,2900,Q3,2017,74.5,36.1,3.3,20.3,7.6,1.8
North Dakota,470000,490000,48000,24000,100000,Q3,2017,42,11.9,3.4,8.1,8.1,1.9
Ohio,23000,23000,1800,1100,1800,Q3,2017,51.5,19.1,4.7,6.7,11.7,7
Oklahoma,4400,4400,510,80,270,Q3,2017,22,23,10,3.8,4.7,2
Oregon,94000,101000,13500,7500,28000,Q3,2017,54.4,10.6,11.3,13.2,6.4,1.8
Pennsylvania,18500,18500,1500,6000,1600,Q3,2017,41.4,5.7,2.7,3.7,2.2,0.9
South Carolina,14500,14500,1700,640,440,Q3,2017,26.4,11.8,0.2,3,5.2,0.8
South Dakota,152000,159000,16500,6000,7500,Q3,2017,47.4,13.4,5,10.1,27,2.5
Tennessee,10000,10000,1700,800,960,Q3,2017,42.8,22.1,2.1,6,5.3,6.9
Texas,104000,115000,15000,21000,7500,Q3,2017,33.7,23,0.1,24,18.3,1.5
Utah,35000,35000,6500,5500,3200,Q3,2017,40.5,0.1,0.5,16.7,15.9,9.1
Vermont,7500,7500,180,520,270,Q3,2017,16.8,9,4.7,,7,0.7
Virginia,11500,11500,1200,430,430,Q3,2017,50.3,26.5,1.5,0.5,4.4,1.6
Washington,82000,92000,17000,5500,10500,Q3,2017,23.7,2.7,2,1.2,0.7,2.4
West Virginia,9000,9000,930,440,1900,Q3,2017,23.2,6.2,1.4,0.6,9.5,3.8
Wisconsin,74000,75000,12500,6000,9000,Q3,2017,61.6,21,18.5,21.8,13,12.1
Wyoming,35000,36000,5500,3100,3500,Q3,2017,21.8,1.6,9.3,4.4,5.6,5.2
Alabama,7500,7500,990,550,500,Q4,2017,22.3,10.1,8.8,9.5,1.7,5.2
Arizona,27000,30000,6500,1300,1100,Q4,2017,61.6,4.2,2.3,1.6,4.1,0.1
Arkansas,25000,25000,7500,2500,440,Q4,2017,37.5,29.2,26.6,31,24.1,0.4
California,680000,1200000,155000,90000,104000,Q4,2017,47.9,14.1,7.4,17,17.1,6.3
Colorado,34000,34000,7000,1500,4000,Q4,2017,30.2,0.7,0.2,20,15.5,5.3
Connecticut,4000,4000,330,190,110,Q4,2017,36.4,2.8,,0.6,1.6,1.6
Florida,180000,240000,50000,55000,36000,Q4,2017,41.4,16.8,7.5,10.4,7.6,26.2
Georgia,125000,145000,21000,4300,2200,Q4,2017,56.8,15.1,12.3,15.3,3.6,4.6
Hawaii,15000,15000,130,970,290,Q4,2017,57.2,66.1,0.1,,0.1,
Idaho,113000,164000,9000,10000,5000,Q4,2017,34,16.9,17.7,14.9,1.7,0.2
Illinois,13500,13500,1800,140,460,Q4,2017,28.9,10.2,0.8,7.9,4.9,4.9
Indiana,11500,11500,1700,320,100,Q4,2017,23.5,5.6,1.7,0.7,3.9,8
Iowa,45000,45000,6500,250,3400,Q4,2017,61,25.5,12.3,32.6,17.9,5.5
Kansas,6500,6500,830,140,40,Q4,2017,17.9,7.7,3.3,8.6,0.6,10.2
Kentucky,7500,7500,870,50,120,Q4,2017,54.3,24.4,0.5,6.5,5.6,19.1
Louisiana,58000,60000,2700,390,1900,Q4,2017,31.5,26.6,0.3,0.6,2.1,10.4
Maine,5500,6000,60,220,110,Q4,2017,24.9,6.2,0.4,,0.6,
Maryland,8000,10500,1300,20,410,Q4,2017,7.9,3.1,0.2,1.1,1.8,7.8
Massachusetts,6000,6000,1100,120,550,Q4,2017,13.2,1.2,6.7,2.7,1.5,0.3
Michigan,88000,88000,11500,990,1900,Q4,2017,53.8,13.6,5.3,23.6,1.5,2
Minnesota,98000,98000,7000,1900,450,Q4,2017,62.9,4,4.2,39.8,7.2,3.1
Mississippi,14000,22000,3400,280,830,Q4,2017,19.3,6.1,1.4,1.5,1.5,4.1
Missouri,9500,9500,820,100,230,Q4,2017,16.7,14.2,1,0.1,4.2,1.6
Montana,115000,121000,13000,5500,2900,Q4,2017,54.2,4.1,3.1,5.9,5.3,4.1
Nebraska,42000,42000,7500,80,50,Q4,2017,26.6,3.3,4.1,2.1,4.3,11.5
New Jersey,15500,15500,1200,330,270,Q4,2017,18.9,6.8,4.4,4.4,3.3,
New Mexico,8000,8000,1900,1700,,Q4,2017,86.1,0.3,-,10.3,10,1
New York,51000,51000,3900,820,460,Q4,2017,22.3,12.7,8,5.4,0.4,2.6
North Carolina,23000,23000,5000,60,290,Q4,2017,64.2,16.3,3.9,1.5,11.7,6.7
North Dakota,410000,410000,26000,10000,2900,Q4,2017,41.7,16.5,0.2,0.5,0.9,0.3
Ohio,18500,18500,2800,510,960,Q4,2017,45.3,23.3,7.1,6.4,8.4,2.9
Oklahoma,3700,46000,100,40,,Q4,2017,1,0.5,,,,0.2
Oregon,94000,94000,10000,70,18500,Q4,2017,50.6,23.3,28,14.2,3.9,1.8
Pennsylvania,24000,24000,5500,2500,1100,Q4,2017,44.7,5.4,1,6.9,2.9,2.3
South Carolina,12500,15000,2000,1300,750,Q4,2017,31.6,19.4,14.6,0.2,1.9,1.9
South Dakota,111000,111000,6500,,,Q4,2017,17.3,0.1,4.1,4.4,7.5,2.7
Tennessee,8500,10500,1300,230,320,Q4,2017,22.8,18.9,0.2,2,7.5,15.3
Texas,127000,285000,20000,3200,1900,Q4,2017,33.9,21.4,7.1,2.9,3.8,5.2
Utah,29000,29000,2000,480,70,Q4,2017,24.3,8.9,11,9.2,9.4,19.8
Vermont,6500,6500,470,10,10,Q4,2017,96.6,44.5,22.1,55.2,5.7,1.8
Virginia,9500,9500,1100,300,210,Q4,2017,20.9,20.6,1.3,7.5,6.9,3.9
Washington,66000,72000,4000,2900,14000,Q4,2017,21.7,6,,0.3,0.4,0.2
West Virginia,8500,8500,1200,70,1600,Q4,2017,60.1,5.3,2.4,0.1,7.8,3.6
Wisconsin,51000,55000,8500,530,3000,Q4,2017,53.1,36.9,33.1,22.8,15.3,15.2
Wyoming,28000,29000,3500,2500,320,Q4,2017,38,2.4,8.4,5.9,8.1,0.6
Alabama,7500,7500,820,1200,1500,Q1,2018,29.2,30.2,1.9,14.9,8.6,4.5
Arizona,25000,26000,6000,810,230,Q1,2018,36.3,4.3,4.6,15.3,7.9,4.2
Arkansas,22000,22000,7500,540,810,Q1,2018,21.1,9.6,1,23,4.6,13.9
California,1150000,1540000,215000,205000,133000,Q1,2018,41.3,11.3,4.8,11.5,8,4.9
Colorado,13000,21000,4900,1400,190,Q1,2018,31.7,0.8,3.8,0.5,13.7,2.4
Connecticut,2900,2900,140,220,330,Q1,2018,14.5,0.7,-,0.8,7.7,3.5
Florida,245000,255000,39000,57000,38000,Q1,2018,31.7,15.3,4.5,9.2,5.5,16
Georgia,134000,139000,25000,29000,39000,Q1,2018,39.6,18.7,0.9,14.8,27.1,2.1
Hawaii,17000,17000,1600,1200,5000,Q1,2018,83,84.5,0.1,,0.1,
Idaho,164000,168000,22000,2500,2600,Q1,2018,28.3,5.7,0.8,3.4,3.4,0.4
Illinois,10500,10500,2400,1000,630,Q1,2018,25.7,11.2,3.6,3.5,10.4,10.9
Indiana,7000,8000,1000,300,30,Q1,2018,33.4,8.3,3,0.5,9.9,3.7
Iowa,41000,44000,2100,270,110,Q1,2018,5.3,1.1,0.3,0.6,0.6,1.4
Kansas,3700,3700,950,370,410,Q1,2018,63,20.3,1,4.3,27.9,9.1
Kentucky,5500,5500,1200,760,20,Q1,2018,43,29.6,0.9,11,8,5.9
Louisiana,50000,52000,3600,4100,320,Q1,2018,4.9,0.7,0.2,0.7,4.5,1.6
Maine,1900,1900,410,20,30,Q1,2018,23.6,0.6,0.2,,5.2,7.4
Maryland,8000,8000,1600,400,190,Q1,2018,18.2,5.6,4.4,1.5,14.3,3.1
Massachusetts,3700,3700,1000,240,290,Q1,2018,19.6,1.1,0.8,0.8,9.6,7.4
Michigan,16500,37000,7000,4000,3900,Q1,2018,21.4,3.5,0.7,7.4,12,5.9
Minnesota,39000,62000,3900,8000,2900,Q1,2018,2,0.7,1.9,0.6,1.1,1.6
Mississippi,19000,32000,2000,28000,5500,Q1,2018,7,4.8,,0.6,2.4,34.4
Missouri,8000,8000,1400,1400,50,Q1,2018,86,77.8,0.3,3.5,26.5,23.9
Montana,35000,60000,140,840,-,Q1,2018,28.9,,,26.1,0.1,0.1
Nebraska,6500,14000,430,-,-,Q1,2018,4.5,1.6,,2.8,1.7,0.9
New Jersey,6500,6500,730,180,190,Q1,2018,14.9,1.9,,0.4,3.8,0.8
New Mexico,7500,7500,3900,180,-,Q1,2018,42.8,0.5,,1.3,9.4,0.5
New York,26000,26000,3700,400,170,Q1,2018,25.3,11.9,1.4,1.9,8,6
North Carolina,18500,18500,4200,2400,260,Q1,2018,29.7,10.2,0.3,0.3,13.4,8
North Dakota,66000,101000,3200,2600,10,Q1,2018,1.4,0.1,1.1,,0.8,
Ohio,12000,14000,4500,300,580,Q1,2018,39.6,10,6.5,3.2,15.8,11.6
Oklahoma,17000,18000,3700,890,240,Q1,2018,24.1,8.5,3.2,0.1,3.1,2
Oregon,81000,89000,4800,16500,3900,Q1,2018,36,0.7,1.2,6.7,3.7,1
Pennsylvania,14500,15000,3300,1200,670,Q1,2018,34.4,5.6,3.3,9.3,5.9,9.9
South Carolina,13500,14500,1800,1900,2800,Q1,2018,29.3,15.5,0.7,2.6,13.5,3
South Dakota,23000,29000,390,250,90,Q1,2018,4.4,0.1,,,0.5,0.1
Tennessee,10000,10000,3400,540,470,Q1,2018,29.2,20.4,2.3,3,13.2,19.7
Texas,205000,290000,32000,124000,42000,Q1,2018,21.5,10.1,4.8,0.2,1.7,10.3
Utah,7500,17000,620,490,50,Q1,2018,18.7,,0.1,,0.1,0.5
Vermont,5500,5500,810,20,,Q1,2018,17,1.2,0.3,0.6,2,0.8
Virginia,7000,7000,2100,540,160,Q1,2018,26,11.3,0.3,3.9,7.7,16.3
Washington,44000,90000,4600,7000,870,Q1,2018,8.5,0.9,1,1.9,0.4,0.4
West Virginia,4700,8500,2500,330,60,Q1,2018,15,8,2,3.4,20.8,4.9
Wisconsin,21000,29000,4600,2800,1600,Q1,2018,14.1,3.7,1.2,1.5,3.6,3.7
Wyoming,5500,9000,220,70,,,2018,0.8,0.3,0.1,,1.9,0.9
Alabama,7000,8500,650,1700,710,Q2,2018,25.2,27.3,1.3,14.4,9.4,2.1
Arizona,19000,19500,2600,14000,2100,Q2,2018,73.8,7.2,32.8,0.8,14.3,4.1
Arkansas,14500,16000,2000,13000,1900,Q2,2018,30.9,12.8,0.7,2.2,17,13.2
California,1130000,1200000,110000,172000,255000,Q2,2018,41.5,10.2,11.1,13.7,9,5
Colorado,16500,27000,3000,12500,4700,Q2,2018,41.7,,12.7,3.6,4.2,0.5
Connecticut,3600,3600,120,340,170,Q2,2018,11.1,0.9,0.4,0.8,0.8,0.4
Florida,250000,275000,56000,49000,68000,Q2,2018,45.3,27.5,9.6,15.5,10.1,21.1
Georgia,131000,137000,18000,35000,16000,Q2,2018,53,25.9,13.8,14.8,31.4,10.1
Hawaii,16500,16500,380,330,3100,Q2,2018,88.3,91.9,0.4,,0.8,0.2
Idaho,59000,94000,6500,14500,29000,Q2,2018,51.6,3.7,3,18.5,4.1,4.4
Illinois,10000,10500,2300,5000,2900,Q2,2018,13.7,7.8,6.7,6.6,9.9,2.4
Indiana,8000,9500,1800,4000,730,Q2,2018,78,3.5,0.4,4.5,1.3,1.1
Iowa,45000,47000,4300,15500,4800,Q2,2018,12.7,9.3,0.9,7.9,8.4,0.3
Kansas,3900,3900,300,3500,2100,Q2,2018,42.8,31.6,1.3,24.9,2.1,1.6
Kentucky,5500,6000,910,1500,560,Q2,2018,40.9,20.2,0.6,1,4.1,5.9
Louisiana,48000,48000,1400,4900,4000,Q2,2018,8.1,5.9,0.2,0.8,1.2,1.3
Maine,2200,23000,3100,430,790,Q2,2018,1.4,0.8,0.2,1.3,0.5,
Maryland,7000,8000,370,2400,1200,Q2,2018,11.8,3.4,0.8,0.3,4.4,0.4
Massachusetts,3500,8000,260,910,350,Q2,2018,6.3,1.1,1,1.4,2,2.1
Michigan,37000,70000,7500,23000,8500,Q2,2018,75.4,18.6,10.8,11.7,12.7,9.8
Minnesota,69000,116000,8500,42000,25000,Q2,2018,12.9,9.3,7.2,6,8,20.7
Mississippi,50000,50000,3400,4000,7000,Q2,2018,44.6,26.2,,0.2,3.5,2.2
Missouri,7000,7000,390,2100,800,Q2,2018,11.8,13.2,0.8,1.5,8.3,2.6
Montana,50000,176000,5500,17000,22000,Q2,2018,42.9,4.7,3.3,1.7,0.9,1.2
Nebraska,10500,46000,2100,4000,900,Q2,2018,5,1.4,1.4,4.2,9,5.5
New Jersey,4400,15000,270,1300,170,Q2,2018,16.5,3.3,,0.1,3.4,0.1
New Mexico,1900,4300,50,1700,450,Q2,2018,0.3,0.1,0.3,,0.2,1
New York,20000,42000,2700,11000,2400,Q2,2018,39.6,20,15,6.6,16.7,3.7
North Carolina,16000,17500,2500,4100,800,Q2,2018,9.7,2.6,0.5,2.4,14.6,0.8
North Dakota,74000,460000,23000,23000,64000,Q2,2018,34.8,7.9,4.9,4.7,4.9,4.3
Ohio,11000,13000,1500,9000,2100,Q2,2018,38.8,30.7,1.7,2.7,21.6,1.5
Oklahoma,15500,15500,1700,10500,6500,Q2,2018,60.2,10.9,9.6,26.7,12.4,0.1
Oregon,41000,107000,3400,17500,24000,Q2,2018,46.1,3.5,8.1,6.6,15.6,0.2
Pennsylvania,15500,19500,1100,6000,1600,Q2,2018,31.3,16,2.2,2,1.6,1.9
South Carolina,14000,14000,1300,2600,4000,Q2,2018,14.2,3.5,0.7,1.6,10,3
South Dakota,10000,169000,17000,12500,65000,Q2,2018,55.1,40.4,7.3,3.8,37.5,
Tennessee,8000,8000,1200,3800,1300,Q2,2018,30,22.9,3,3.4,6.2,2.5
Texas,305000,315000,38000,79000,71000,Q2,2018,26.5,17.7,8.1,4.5,8.5,14.6
Utah,14500,26000,1900,9500,4100,Q2,2018,43.5,3.7,2,1.7,1.4,1.9
Vermont,5500,6500,520,2600,140,Q2,2018,21.8,1.5,0.7,16.7,1.8,0.1
Virginia,5000,6000,500,2600,700,Q2,2018,22.7,18.8,3.2,1.3,23.1,1.5
Washington,55000,122000,7500,15500,19000,Q2,2018,55.9,9.4,7.6,7.6,7.1,0.6
West Virginia,7000,7000,570,2300,550,Q2,2018,13.8,7.5,0.9,2.9,13.6,7.9
Wisconsin,26000,56000,6500,12000,7000,Q2,2018,32.1,16.9,18.3,27.1,29.5,0.8
Wyoming,8500,28000,2300,5500,2200,Q2,2018,9.6,0.1,2.1,2.1,2.7,3.7
Alabama,8500,8500,1700,1600,1300,Q3,2018,77.5,69.4,0.7,14.6,7.8,6.8
Arizona,31000,31000,8000,3200,3100,Q3,2018,52.5,2.3,4.5,3.8,15,27.6
Arkansas,29000,29000,2300,2600,840,Q3,2018,29.9,7.8,0.1,17.6,0.5,0.6
California,590000,700000,73000,63000,141000,Q3,2018,57.3,6.6,4.5,17.8,12,3.6
Colorado,34000,35000,5000,1500,5000,Q3,2018,72.6,16.6,5.6,2.9,8.5,4.5
Connecticut,3200,3200,130,80,310,Q3,2018,13,,,1.4,2.5,1.2
Florida,197000,220000,30000,53000,40000,Q3,2018,35,20.5,4.2,7.6,14.3,9.8
Georgia,134000,138000,17000,27000,33000,Q3,2018,49.8,20.4,2.4,27.7,6,7.2
Hawaii,16500,16500,1800,1700,3000,Q3,2018,88.3,89.4,0.1,0.1,0.1,
Idaho,82000,101000,14000,15000,21000,Q3,2018,83.6,5.4,14.6,26.5,13.8,5.7
Illinois,11000,11000,660,700,420,Q3,2018,21.2,10.6,2.1,5.1,1.5,7
Indiana,11500,11500,990,520,1200,Q3,2018,29.5,12.2,1.4,20.6,5,0.5
Iowa,56000,57000,3600,1200,990,Q3,2018,29.9,9.8,8.5,0.4,1.9,0.4
Kansas,6000,6000,950,300,180,Q3,2018,76.8,51.1,6.6,8,23.7,7.9
Kentucky,6500,7000,840,300,660,Q3,2018,47.1,26.5,1.6,1.5,4.5,7.6
Louisiana,53000,53000,1900,1600,2300,Q3,2018,31.3,29.9,0.2,1.7,1,1.6
Maine,12500,12500,890,60,170,Q3,2018,37,1,1.1,,3.5,0.5
Maryland,7500,7500,360,580,680,Q3,2018,11.7,6,0.3,0.6,1.1,3.8
Massachusetts,8000,10000,2200,850,730,Q3,2018,75.9,11.2,10.7,10.1,1.1,10.3
Michigan,88000,88000,8000,3000,22000,Q3,2018,92.4,13.8,1.1,23.8,19.5,18.6
Minnesota,121000,127000,29000,1600,6500,Q3,2018,44.5,12.4,6,28.4,9.3,8.1
Mississippi,16500,16500,2900,110,650,Q3,2018,25.2,8.6,,0.5,7.5,7.2
Missouri,10000,10000,540,260,410,Q3,2018,18.2,16.9,1.2,1.2,7.5,1.1
Montana,145000,153000,18500,3100,22000,Q3,2018,43.8,18.5,18,6.8,21.8,2.7
Nebraska,52000,54000,6500,8500,5000,Q3,2018,24.1,3.2,5.9,6.5,4.3,4
New Jersey,14000,14000,320,250,220,Q3,2018,12.3,5.1,0.2,0.1,1,0.4
New Mexico,6000,7000,1200,3800,1000,Q3,2018,,,,12.3,0.4,0.2
New York,55000,56000,3900,3600,3700,Q3,2018,40.7,20.6,18.6,24.4,22.9,10.2
North Carolina,18000,18000,2200,2600,2000,Q3,2018,66,17.9,11.4,8.4,11.4,3.1
North Dakota,455000,490000,59000,23000,14500,Q3,2018,52.6,11.5,9.6,10.4,10.9,1.2
Ohio,16000,16000,1300,1300,2100,Q3,2018,58.9,40.9,2.6,1.3,11.9,1.2
Oklahoma,2100,2100,370,20,10,Q3,2018,59.6,51.1,0.1,23.5,17.2,23.4
Oregon,116000,117000,13000,3000,49000,Q3,2018,57.2,2.8,7,45.1,10.7,0.8
Pennsylvania,20000,21000,860,2900,2300,Q3,2018,23.5,8.1,1.9,1.6,1.7,2.6
South Carolina,9500,11500,1400,670,1100,Q3,2018,76.8,53.4,0.7,32.4,7.6,0.9
South Dakota,168000,197000,22000,8000,6500,Q3,2018,54.7,32.9,3.3,8.5,45,1.6
Tennessee,9000,9000,900,540,1000,Q3,2018,70.6,53.2,0.7,13.2,5.6,2.1
Texas,112000,124000,7500,7500,9500,Q3,2018,18.8,4.4,0.4,6.2,2.8,0.9
Utah,30000,30000,4400,970,1400,Q3,2018,34,15.5,0.1,0.2,1,0.7
Vermont,7000,7000,90,1200,80,Q3,2018,29.3,4.9,4.3,24.1,0.3,
Virginia,7500,7500,610,1000,990,Q3,2018,39,28.5,2.6,7.7,11.6,1.7
Washington,76000,84000,12000,7000,3600,Q3,2018,7.1,0.6,0.6,2.7,9.9,2.8
West Virginia,7500,8000,520,170,1200,Q3,2018,57,52.6,0.3,0.3,6.8,2.1
Wisconsin,61000,69000,10000,2400,3800,Q3,2018,54.4,32.7,2.6,19.5,6.1,4.3
Wyoming,33000,34000,3900,1800,3900,Q3,2018,35.4,2.8,2.2,9,3.3,4
Alabama,6500,6500,830,210,1300,Q4,2018,20.6,20.5,1.3,1.5,3.4,7.5
Arizona,26000,27000,5000,2200,330,Q4,2018,20.6,8.3,3.1,,7.1,3
Arkansas,30000,31000,6000,110,230,Q4,2018,82.8,7.1,,73.5,5.3,2.2
California,680000,1200000,170000,86000,46000,Q4,2018,44.1,16.6,9.8,11.6,9.3,7.1
Colorado,30000,30000,3500,370,10,Q4,2018,73.2,5.9,1,,6.1,1.2
Connecticut,3500,3500,220,-,60,Q4,2018,12.5,3.6,2.3,0.9,4.2,2.3
Florida,240000,290000,43000,53000,20000,Q4,2018,46.7,22.4,9,14.1,8,6.7
Georgia,148000,164000,19500,6500,49000,Q4,2018,41.4,17.4,9.2,6.9,5.6,7.8
Hawaii,16000,16000,940,1700,6000,Q4,2018,70.5,83.3,,,0.1,
Idaho,99000,159000,15000,9000,910,Q4,2018,64.9,47.4,9.6,15.9,7,4.5
Illinois,12000,12000,1400,600,350,Q4,2018,27.2,13.1,2.4,2.8,6.9,5.7
Indiana,9000,9000,3300,40,1200,Q4,2018,51.3,21.3,23.8,64.6,35.4,2.3
Iowa,21000,21000,4200,630,80,Q4,2018,55.1,27.2,8.9,31.6,29.4,5.6
Kansas,5500,5500,1000,420,10,Q4,2018,62,31.3,26,43.7,1.6,26.4
Kentucky,7000,7000,2000,60,430,Q4,2018,57.1,41.9,1.2,6.8,5.5,4.3
Louisiana,50000,52000,2600,130,200,Q4,2018,16.6,6.7,0.3,5.9,1,1.7
Maine,12000,12000,1400,210,880,Q4,2018,9.3,5.1,,,1.2,0.1
Maryland,7000,9000,690,60,90,Q4,2018,16.6,5.3,0.3,1.2,4.9,1.7
Massachusetts,4900,4900,650,110,320,Q4,2018,33.2,9.2,8.1,9.4,3.4,5.3
Michigan,77000,77000,6000,3900,1800,Q4,2018,52,31.2,15.6,15.1,2.4,6.6
Minnesota,84000,86000,11500,2500,590,Q4,2018,28.4,5.2,4.2,7.9,3.8,2.4
Mississippi,14500,25000,2000,330,50,Q4,2018,26.5,6.7,0.2,0.5,3,4.5
Missouri,10000,10000,880,170,150,Q4,2018,37,10,1.1,2.3,1.9,4.1
Montana,98000,102000,5500,3100,500,Q4,2018,40.7,13,5.6,17.5,2.9,
Nebraska,45000,45000,5000,7000,840,Q4,2018,3,0.7,0.7,0.3,2.9,1
New Jersey,15500,15500,1300,30,80,Q4,2018,14,3.2,0.1,-,5.4,0.3
New Mexico,8000,8000,3000,50,-,Q4,2018,81.3,0.8,3.7,0.1,8,1.2
New York,53000,53000,4400,1000,1500,Q4,2018,26,4.5,7.8,2.4,7.8,0.7
North Carolina,16000,16000,2700,250,300,Q4,2018,53,10.4,3.8,2,11.1,5.2
North Dakota,430000,435000,29000,7500,1500,Q4,2018,29.5,9.4,8.1,10.6,4.3,4.6
Ohio,15500,15500,2100,170,450,Q4,2018,29.3,5.8,0.1,8.1,2.4,9.9
Oklahoma,2200,57000,2500,60,20,Q4,2018,13.1,0.4,,,,0.3
Oregon,89000,101000,13000,10500,12000,Q4,2018,44.1,4.6,16,14.8,0.9,0.2
Pennsylvania,21000,21000,4000,270,1500,Q4,2018,26.9,10.7,6.7,13,7.8,5.4
South Carolina,10000,12500,1500,770,790,Q4,2018,32.2,16.1,0.3,1.4,1.3,5.5
South Dakota,140000,140000,21000,2000,430,Q4,2018,12.8,1.3,7,1.6,2.1,2.5
Tennessee,8000,8500,1900,30,370,Q4,2018,49.8,20.8,1.9,11.4,9.1,5.1
Texas,116000,260000,17000,11000,70,Q4,2018,18.6,18.5,5.5,3,6.2,3.7
Utah,27000,27000,3400,180,400,Q4,2018,48,9.8,5.5,8,6.5,4.9
Vermont,6500,6500,170,10,20,Q4,2018,6.2,1.3,,,0.8,0.7
Virginia,7000,7000,1100,80,1300,Q4,2018,57.1,38.4,12.1,13.1,5.8,2.8
Washington,75000,81000,11000,5500,1400,Q4,2018,34.5,0.5,11.7,4.9,3.3,1.3
West Virginia,7000,7000,1200,50,70,Q4,2018,29.5,15.2,0.6,7.2,4.2,6.8
Wisconsin,48000,48000,8500,1600,530,Q4,2018,29.9,28.3,1.5,24.5,7.6,5.2
Wyoming,30000,32000,2700,220,-,Q4,2018,43.9,7.9,2.6,6.8,1,1.4